{
  "n": 5849,
  "n_features": 56,
  "high_risk_rate": 0.3135578731407078,
  "R2": 0.23391232935145223,
  "MSE": 0.07305755548913247,
  "AUC": 0.7209483515007167,
  "Recall": 0.33085714671926475,
  "F1": 0.41819702924011876,
  "R2_folds": [
    0.143,
    0.173,
    0.386,
    0.275,
    0.193
  ]
}