{
  "訓練時間": "2026-07-11T10:00:05",
  "資料集": {
    "筆數": 5849,
    "高風險占比": 0.3136
  },
  "完整模型_36特徵": {
    "single_split": {
      "reg_r2": 0.5604,
      "reg_mae": 0.1575,
      "clf": {
        "auc": 0.8966,
        "f1": 0.7339,
        "recall": 0.8529,
        "precision": 0.644,
        "confusion_matrix": [
          [
            630,
            173
          ],
          [
            54,
            313
          ]
        ],
        "threshold": 0.3934
      },
      "baseline_reg_r2": 0.1327,
      "baseline_clf_auc": 0.705,
      "threshold_info": {
        "precision": 0.6859122401847575,
        "recall": 0.8092643051771117
      }
    },
    "groupkfold": {
      "r2": {
        "mean": 0.2431,
        "std": 0.058
      },
      "mae": {
        "mean": 0.2203,
        "std": 0.0082
      },
      "auc": {
        "mean": 0.7128,
        "std": 0.0419
      }
    }
  },
  "冷啟動模型_35特徵": {
    "single_split": {
      "reg_r2": 0.4333,
      "reg_mae": 0.1864,
      "clf": {
        "auc": 0.8583,
        "f1": 0.684,
        "recall": 0.8256,
        "precision": 0.5838,
        "confusion_matrix": [
          [
            587,
            216
          ],
          [
            64,
            303
          ]
        ],
        "threshold": 0.3421
      },
      "baseline_reg_r2": 0.0821,
      "baseline_clf_auc": 0.6744,
      "threshold_info": {
        "precision": 0.6166666666666667,
        "recall": 0.8065395095367848
      }
    },
    "groupkfold": {
      "r2": {
        "mean": 0.1982,
        "std": 0.0305
      },
      "mae": {
        "mean": 0.2277,
        "std": 0.0079
      },
      "auc": {
        "mean": 0.7298,
        "std": 0.0154
      }
    }
  },
  "報告基準": {
    "單次_R2": 0.587,
    "單次_AUC": 0.9,
    "誠實_R2": "0.209±0.046",
    "誠實_AUC": "0.710±0.043",
    "說明": "報告為 37 特徵含 photo_design_sense，本版 36 特徵"
  }
}